,seller,n_sales,actual_rate,expected_rate,residual
0,Seller_001,32,0.0,0.5141876329671623,-0.5141876329671623
1,Seller_002,35,0.22857142857142856,0.6522445406153842,-0.42367311204395564
2,Seller_003,33,0.30303030303030304,0.7134217387115579,-0.41039143568125486
3,Seller_004,36,0.3055555555555556,0.6398939464275962,-0.33433839087204065
4,Seller_005,47,0.1276595744680851,0.4595702656308244,-0.3319106911627393
5,Seller_006,40,0.425,0.7166257424883019,-0.2916257424883019
6,Seller_007,57,0.15789473684210525,0.4488593602025967,-0.29096462336049145
7,Seller_008,58,0.3275862068965517,0.618074262532306,-0.2904880556357543
8,Seller_009,33,0.0,0.27240557371136465,-0.27240557371136465
9,Seller_010,42,0.23809523809523808,0.5069560217223256,-0.2688607836270875
10,Seller_011,31,0.06451612903225806,0.3219505189962923,-0.2574343899640342
11,Seller_012,48,0.14583333333333334,0.3779990464339092,-0.23216571310057585
12,Seller_013,39,0.15384615384615385,0.3715577799592795,-0.21771162611312567
13,Seller_014,51,0.11764705882352941,0.33426583232177565,-0.21661877349824624
14,Seller_015,38,0.5,0.7165296588406509,-0.2165296588406509
15,Seller_016,59,0.15254237288135594,0.3371279789081202,-0.18458560602676424
16,Seller_017,33,0.09090909090909091,0.273180562868775,-0.1822714719596841
17,Seller_018,63,0.12698412698412698,0.3067712488289347,-0.17978712184480772
18,Seller_019,30,0.0,0.15937922185018744,-0.15937922185018744
19,Seller_020,116,0.29310344827586204,0.4484925197350158,-0.15538907145915376
20,Seller_021,41,0.4634146341463415,0.6183876476784891,-0.1549730135321476
21,Seller_022,54,0.4444444444444444,0.5984018431237692,-0.1539573986793248
22,Seller_023,36,0.3611111111111111,0.5087994058974159,-0.1476882947863048
23,Seller_024,30,0.06666666666666667,0.21429800601962237,-0.1476313393529557
24,Seller_025,36,0.3055555555555556,0.447007902301039,-0.1414523467454834
25,Seller_026,60,0.4666666666666667,0.6075358931561713,-0.14086922648950462
26,Seller_027,45,0.35555555555555557,0.4933524009068533,-0.13779684535129771
27,Seller_028,33,0.24242424242424243,0.37805294018572333,-0.1356286977614809
28,Seller_029,58,0.29310344827586204,0.42683533568175247,-0.13373188740589043
29,Seller_030,73,0.3972602739726027,0.5295314726863517,-0.13227119871374898
30,Seller_031,31,0.1935483870967742,0.3234136451553862,-0.129865258058612
31,Seller_032,40,0.1,0.22946853109129922,-0.12946853109129922
32,Seller_033,44,0.22727272727272727,0.35673933466484276,-0.1294666073921155
33,Seller_034,31,0.12903225806451613,0.25507803977204435,-0.12604578170752823
34,Seller_035,43,0.11627906976744186,0.2420344671156944,-0.12575539734825253
35,Seller_036,36,0.3055555555555556,0.4299386811842967,-0.1243831256287411
36,Seller_037,72,0.2361111111111111,0.356575096532598,-0.1204639854214869
37,Seller_038,40,0.45,0.5701489584732616,-0.12014895847326162
38,Seller_039,46,0.34782608695652173,0.4672159851634041,-0.1193898982068824
39,Seller_040,67,0.3582089552238806,0.47156210774926755,-0.11335315252538697
40,Seller_041,55,0.2909090909090909,0.40422065726875817,-0.11331156635966727
41,Seller_042,65,0.15384615384615385,0.2584889421898665,-0.10464278834371266
42,Seller_043,40,0.075,0.17908080879093813,-0.10408080879093813
43,Seller_044,47,0.19148936170212766,0.2955204166531702,-0.10403105495104253
44,Seller_045,63,0.38095238095238093,0.48478865414897265,-0.10383627319659172
45,Seller_046,49,0.5510204081632653,0.6547795406559781,-0.10375913249271285
46,Seller_047,66,0.06060606060606061,0.16424382271426607,-0.10363776210820547
47,Seller_048,78,0.05128205128205128,0.1535610837791741,-0.10227903249712282
48,Seller_049,55,0.03636363636363636,0.13792935579066887,-0.1015657194270325
49,Seller_050,143,0.2517482517482518,0.3515911156629076,-0.09984286391465585
50,Seller_051,33,0.12121212121212122,0.21719946150157174,-0.09598734028945052
51,Seller_052,160,0.1625,0.25397190155233706,-0.09147190155233706
52,Seller_053,61,0.2459016393442623,0.3371829393543872,-0.09128130001012491
53,Seller_054,34,0.4117647058823529,0.5013695096752174,-0.0896048037928645
54,Seller_055,47,0.5319148936170213,0.6202674335341466,-0.08835253991712533
55,Seller_056,51,0.6078431372549019,0.6953211723454891,-0.08747803509058716
56,Seller_057,53,0.33962264150943394,0.42680480577318397,-0.08718216426375003
57,Seller_058,162,0.09876543209876543,0.18259873639825774,-0.08383330429949232
58,Seller_059,44,0.045454545454545456,0.12860663090835286,-0.08315208545380741
59,Seller_060,62,0.1774193548387097,0.2595168613294515,-0.08209750649074182
60,Seller_061,56,0.3392857142857143,0.42023905875780115,-0.08095334447208685
61,Seller_062,322,0.3416149068322981,0.42191689520437414,-0.08030198837207603
62,Seller_063,54,0.037037037037037035,0.117084930636134,-0.08004789359909696
63,Seller_064,50,0.16,0.23988816351865644,-0.07988816351865644
64,Seller_065,40,0.325,0.4035871428088729,-0.07858714280887291
65,Seller_066,53,0.2641509433962264,0.3424083617686862,-0.07825741837245981
66,Seller_067,51,0.09803921568627451,0.17593313190427345,-0.07789391621799895
67,Seller_068,68,0.08823529411764706,0.16612178010803608,-0.07788648599038901
68,Seller_069,55,0.32727272727272727,0.40327667014144636,-0.07600394286871909
69,Seller_070,54,0.037037037037037035,0.1120979851101154,-0.07506094807307837
70,Seller_071,79,0.25316455696202533,0.3271437773294642,-0.07397922036743887
71,Seller_072,46,0.08695652173913043,0.15993764967221025,-0.07298112793307981
72,Seller_073,57,0.47368421052631576,0.5429521445424889,-0.0692679340161731
73,Seller_074,45,0.06666666666666667,0.13499296167072067,-0.068326295004054
74,Seller_075,35,0.22857142857142856,0.29657726869210277,-0.0680058401206742
75,Seller_076,49,0.5510204081632653,0.6186848731408511,-0.06766446497758583
76,Seller_077,68,0.17647058823529413,0.24401911627426595,-0.06754852803897182
77,Seller_078,34,0.5,0.5674741757682107,-0.06747417576821069
78,Seller_079,34,0.38235294117647056,0.44857200151056464,-0.06621906033409408
79,Seller_080,68,0.058823529411764705,0.1248570972180452,-0.06603356780628049
80,Seller_081,36,0.3333333333333333,0.3988654882598614,-0.06553215492652809
81,Seller_082,56,0.0,0.06542423335795948,-0.06542423335795948
82,Seller_083,49,0.2857142857142857,0.3484809888712728,-0.06276670315698712
83,Seller_084,41,0.6341463414634146,0.696653444446397,-0.06250710298298234
84,Seller_085,176,0.5625,0.6241817660094657,-0.06168176600946573
85,Seller_086,116,0.12931034482758622,0.19092207520852703,-0.06161173038094081
86,Seller_087,41,0.5365853658536586,0.597612169622256,-0.06102680376859748
87,Seller_088,131,0.13740458015267176,0.19834089843893787,-0.06093631828626611
88,Seller_089,59,0.4576271186440678,0.5173302417919625,-0.05970312314789472
89,Seller_090,52,0.1346153846153846,0.19400931808008204,-0.05939393346469743
90,Seller_091,85,0.4235294117647059,0.48212679723068796,-0.05859738546598209
91,Seller_092,145,0.13793103448275862,0.19567262764884735,-0.057741593166088734
92,Seller_093,39,0.10256410256410256,0.16011687289244186,-0.0575527703283393
93,Seller_094,343,0.3469387755102041,0.4035786677568157,-0.056639892246611645
94,Seller_095,48,0.0625,0.11859077122506785,-0.05609077122506785
95,Seller_096,54,0.2962962962962963,0.352179766792527,-0.055883470496230714
96,Seller_097,59,0.423728813559322,0.4788085602093611,-0.05507974665003906
97,Seller_098,43,0.3023255813953488,0.3561134656371232,-0.053787884241774386
98,Seller_099,71,0.09859154929577464,0.15165111081509725,-0.053059561519322604
99,Seller_100,68,0.14705882352941177,0.19991496367811656,-0.052856140148704794
100,Seller_101,57,0.3508771929824561,0.403567459490916,-0.05269026650845987
101,Seller_102,79,0.16455696202531644,0.21699709713583837,-0.052440135110521924
102,Seller_103,60,0.4,0.45237223952918953,-0.05237223952918951
103,Seller_104,58,0.4482758620689655,0.4995951800161614,-0.05131931794719585
104,Seller_105,70,0.21428571428571427,0.26518401080883164,-0.050898296523117365
105,Seller_106,98,0.08163265306122448,0.13244822135707857,-0.05081556829585408
106,Seller_107,40,0.325,0.37424947017169763,-0.04924947017169762
107,Seller_108,60,0.38333333333333336,0.43244955756590714,-0.04911622423257378
108,Seller_109,41,0.34146341463414637,0.3902239160152519,-0.04876050138110555
109,Seller_110,93,0.17204301075268819,0.22029991659839587,-0.04825690584570769
110,Seller_111,31,0.5483870967741935,0.5966035480664397,-0.048216451292246165
111,Seller_112,38,0.3157894736842105,0.36300164144189895,-0.04721216775768844
112,Seller_113,61,0.2459016393442623,0.2924107886909464,-0.0465091493466841
113,Seller_114,57,0.05263157894736842,0.0979412034909994,-0.04530962454363098
114,Seller_115,103,0.1941747572815534,0.23935358971420923,-0.04517883243265583
115,Seller_116,78,0.0641025641025641,0.10922129077312749,-0.045118726670563394
116,Seller_117,38,0.5263157894736842,0.5698716934962281,-0.043555904022543945
117,Seller_118,44,0.5227272727272727,0.5661774209912852,-0.0434501482640125
118,Seller_119,66,0.30303030303030304,0.34646209158259444,-0.043431788552291406
119,Seller_120,95,0.49473684210526314,0.537352487481248,-0.042615645375984834
120,Seller_121,71,0.39436619718309857,0.4354336230131631,-0.04106742583006451
121,Seller_122,36,0.2777777777777778,0.31873438627355305,-0.04095660849577526
122,Seller_123,46,0.32608695652173914,0.3665689110905175,-0.040481954568778344
123,Seller_124,38,0.39473684210526316,0.4347468084058437,-0.04000996630058051
124,Seller_125,73,0.4931506849315068,0.5312708482476051,-0.03812016331609824
125,Seller_126,155,0.2709677419354839,0.3086836839619634,-0.03771594202647949
126,Seller_127,40,0.4,0.43760329206252335,-0.03760329206252333
127,Seller_128,132,0.36363636363636365,0.40116263249605927,-0.03752626885969562
128,Seller_129,46,0.5,0.5352867458089309,-0.035286745808930875
129,Seller_130,34,0.38235294117647056,0.41718739670351607,-0.034834455527045505
130,Seller_131,50,0.38,0.41476873499497147,-0.03476873499497146
131,Seller_132,56,0.26785714285714285,0.3022317438078797,-0.034374600950736856
132,Seller_133,78,0.19230769230769232,0.22567161523157905,-0.033363922923886735
133,Seller_134,44,0.6136363636363636,0.6460612788649799,-0.032424915228616236
134,Seller_135,75,0.18666666666666668,0.21902849698383922,-0.032361830317172546
135,Seller_136,46,0.41304347826086957,0.44473909799360006,-0.031695619732730496
136,Seller_137,97,0.32989690721649484,0.36006294138837963,-0.030166034171884792
137,Seller_138,43,0.627906976744186,0.6575510592697977,-0.02964408252561168
138,Seller_139,35,0.37142857142857144,0.40065361329324256,-0.02922504186467112
139,Seller_140,41,0.6341463414634146,0.662977860027445,-0.028831518564030323
140,Seller_141,197,0.2131979695431472,0.24196617849689633,-0.028768208953749125
141,Seller_142,36,0.4444444444444444,0.47312187922809,-0.028677434783645595
142,Seller_143,71,0.6056338028169014,0.632938172618522,-0.027304369801620654
143,Seller_144,46,0.45652173913043476,0.481300679122646,-0.024778939992211257
144,Seller_145,48,0.3125,0.33659564113558177,-0.02409564113558177
145,Seller_146,128,0.9609375,0.9845161652460794,-0.023578665246079433
146,Seller_147,48,0.5208333333333334,0.5427304819992812,-0.02189714866594783
147,Seller_148,162,0.3950617283950617,0.4162074550433591,-0.02114572664829739
148,Seller_149,118,0.3135593220338983,0.3343913788568717,-0.0208320568229734
149,Seller_150,111,0.3153153153153153,0.33511535888535965,-0.019800043570044334
150,Seller_151,32,0.3125,0.3318523251895962,-0.019352325189596176
151,Seller_152,36,0.4444444444444444,0.4633905419848508,-0.01894609754040638
152,Seller_153,267,0.3707865168539326,0.3891391327510298,-0.01835261589709719
153,Seller_154,263,0.28517110266159695,0.3022239211913943,-0.017052818529797342
154,Seller_155,65,0.49230769230769234,0.5086140324762631,-0.0163063401685708
155,Seller_156,71,0.11267605633802817,0.1284382683720232,-0.01576221203399504
156,Seller_157,53,0.5660377358490566,0.581621217732363,-0.015583481883306383
157,Seller_158,46,0.4782608695652174,0.49137125353919386,-0.013110383973976458
158,Seller_159,33,0.5151515151515151,0.5281350870894127,-0.012983571937897564
159,Seller_160,34,0.23529411764705882,0.24808558426097338,-0.01279146661391456
160,Seller_161,40,0.175,0.1872215806895679,-0.012221580689567912
161,Seller_162,43,0.4883720930232558,0.49897429388282605,-0.010602200859570254
162,Seller_163,39,0.6666666666666666,0.6770773810460897,-0.010410714379423092
163,Seller_164,97,0.010309278350515464,0.020299332769459878,-0.009990054418944414
164,Seller_165,65,0.35384615384615387,0.363171844972786,-0.009325691126632119
165,Seller_166,35,0.11428571428571428,0.1234185216417879,-0.009132807356073622
166,Seller_167,33,0.42424242424242425,0.43200048636640803,-0.007758062123983778
167,Seller_168,60,0.6,0.607455701519943,-0.007455701519943014
168,Seller_169,31,0.0967741935483871,0.10326848003319189,-0.006494286484804795
169,Seller_170,50,0.36,0.36580970020909753,-0.005809700209097546
170,Seller_171,172,0.22093023255813954,0.22630224617807945,-0.005372013619939914
171,Seller_172,32,0.3125,0.3153204826664609,-0.0028204826664608995
172,Seller_173,198,0.3434343434343434,0.34484860515031673,-0.0014142617159733084
173,Seller_174,146,0.3287671232876712,0.33015429979588906,-0.0013871765082178467
174,Seller_175,439,0.45785876993166286,0.45913254107181,-0.0012737711401471508
175,Seller_176,77,0.6233766233766234,0.6242815081145173,-0.0009048847378939628
176,Seller_177,35,0.2857142857142857,0.28555999864413395,0.00015428707015174847
177,Seller_178,37,0.5405405405405406,0.5392538790851856,0.0012866614553549427
178,Seller_179,45,0.4666666666666667,0.46486346785448157,0.0018031988121851028
179,Seller_180,52,0.46153846153846156,0.4596872773162705,0.001851184222191049
180,Seller_181,139,0.17266187050359713,0.16987393239199788,0.0027879381115992474
181,Seller_182,37,0.10810810810810811,0.10498488341374698,0.003123224694361132
182,Seller_183,36,0.1111111111111111,0.10601881148038708,0.005092299630724023
183,Seller_184,38,0.15789473684210525,0.15242610623538264,0.005468630606722619
184,Seller_185,30,0.13333333333333333,0.1277724789134157,0.005560854419917632
185,Seller_186,54,0.14814814814814814,0.14183820453950036,0.006309943608647783
186,Seller_187,50,0.4,0.3934606985034121,0.006539301496587935
187,Seller_188,92,0.20652173913043478,0.19873768475889658,0.007784054371538202
188,Seller_189,224,0.21875,0.21068652286297024,0.008063477137029762
189,Seller_190,62,0.6290322580645161,0.6207027245596318,0.008329533504884301
190,Seller_191,140,0.40714285714285714,0.3987569928460263,0.008385864296830858
191,Seller_192,61,0.3114754098360656,0.30265876225032207,0.00881664758574352
192,Seller_193,35,0.5142857142857142,0.5052831405342335,0.009002573751480725
193,Seller_194,65,0.36923076923076925,0.35778584980690464,0.011444919423864608
194,Seller_195,83,0.1566265060240964,0.14491850737694117,0.011707998647155216
195,Seller_196,32,0.34375,0.33177574680697136,0.011974253193028639
196,Seller_197,40,0.525,0.5117717552771307,0.01322824472286932
197,Seller_198,37,0.10810810810810811,0.09468805155102199,0.013420056557086127
198,Seller_199,40,0.5,0.4842626141965337,0.015737385803466286
199,Seller_200,50,0.52,0.5033761508030249,0.016623849196975127
200,Seller_201,47,0.6808510638297872,0.6638228958620305,0.017028167967756747
201,Seller_202,64,0.609375,0.5921473580200819,0.017227641979918107
202,Seller_203,82,0.4878048780487805,0.46902603156756567,0.018778846481214806
203,Seller_204,145,0.3724137931034483,0.35303481894699323,0.019378974156455064
204,Seller_205,76,0.19736842105263158,0.17783032452893516,0.019538096523696424
205,Seller_206,170,0.4117647058823529,0.3922194213398644,0.019545284542488495
206,Seller_207,72,0.5,0.4804368032717145,0.019563196728285492
207,Seller_208,32,0.34375,0.32312973406656414,0.020620265933435855
208,Seller_209,31,0.6451612903225806,0.6238241333243486,0.02133715699823202
209,Seller_210,51,0.4117647058823529,0.3902928020559288,0.02147190382642411
210,Seller_211,93,0.3548387096774194,0.33316213343944046,0.021676576237978917
211,Seller_212,99,0.37373737373737376,0.35154597017201006,0.0221914035653637
212,Seller_213,32,0.78125,0.7588515083423392,0.022398491657660835
213,Seller_214,66,0.4090909090909091,0.38490085063914337,0.02419005845176575
214,Seller_215,50,0.38,0.3555416743451046,0.02445832565489542
215,Seller_216,31,0.45161290322580644,0.4249174949357634,0.02669540829004302
216,Seller_217,31,0.16129032258064516,0.13435632482507678,0.026933997755568373
217,Seller_218,46,0.6304347826086957,0.6032227772990303,0.027212005309665388
218,Seller_219,34,0.6176470588235294,0.5899835727807698,0.02766348604275959
219,Seller_220,194,0.24742268041237114,0.2189385669809754,0.02848411343139573
220,Seller_221,71,0.38028169014084506,0.3515901040022715,0.028691586138573588
221,Seller_222,97,0.5154639175257731,0.4865973397947503,0.028866577731022858
222,Seller_223,48,0.6666666666666666,0.6376620004746878,0.029004666191978834
223,Seller_224,31,0.5806451612903226,0.5511365248797298,0.02950863641059287
224,Seller_225,88,0.1590909090909091,0.12873218455782445,0.030358724533084636
225,Seller_226,49,0.46938775510204084,0.4390137894627568,0.030373965639284017
226,Seller_227,39,0.5384615384615384,0.5079697989243529,0.030491739537185536
227,Seller_228,38,0.42105263157894735,0.3905203542056015,0.03053227737334585
228,Seller_229,62,0.27419354838709675,0.24333270535397256,0.030860843033124197
229,Seller_230,45,0.5777777777777777,0.5465726796109445,0.031205098166833256
230,Seller_231,51,0.5294117647058824,0.4977482562748128,0.031663508431069576
231,Seller_232,55,0.2545454545454545,0.22155017208951663,0.032995282455937885
232,Seller_233,38,0.42105263157894735,0.3877395441650026,0.03331308741394473
233,Seller_234,78,0.23076923076923078,0.19559355219277996,0.03517567857645082
234,Seller_235,49,0.3877551020408163,0.3518258548563707,0.03592924718444562
235,Seller_236,38,0.47368421052631576,0.4372787751224177,0.03640543540389807
236,Seller_237,35,0.4857142857142857,0.44769054788645685,0.03802373782782886
237,Seller_238,35,0.5142857142857142,0.47617839398404244,0.0381073203016718
238,Seller_239,40,0.675,0.6365614429915261,0.038438557008473984
239,Seller_240,54,0.4444444444444444,0.40584758940392873,0.03859685504051569
240,Seller_241,49,0.40816326530612246,0.36938604863110647,0.03877721667501599
241,Seller_242,83,0.6385542168674698,0.5978840688304281,0.04067014803704172
242,Seller_243,168,0.2857142857142857,0.2449696380789918,0.040744647635293896
243,Seller_244,67,0.8507462686567164,0.8099024842067076,0.0408437844500088
244,Seller_245,87,0.6781609195402298,0.6371191436801991,0.04104177586003077
245,Seller_246,238,0.7100840336134454,0.6685059295490208,0.04157810406442464
246,Seller_247,44,0.8636363636363636,0.8217648135123099,0.04187155012405375
247,Seller_248,32,0.3125,0.2705422114746156,0.0419577885253844
248,Seller_249,49,0.5102040816326531,0.4675077838390855,0.042696297793567595
249,Seller_250,57,0.5964912280701754,0.5536561953501606,0.042835032720014765
250,Seller_251,38,0.6052631578947368,0.5623391528602605,0.042924005034476354
251,Seller_252,59,0.5932203389830508,0.549945851401672,0.04327448758137886
252,Seller_253,45,0.3111111111111111,0.2674792711004601,0.04363184001065101
253,Seller_254,131,0.5954198473282443,0.5515421024655676,0.043877744862676704
254,Seller_255,39,0.5897435897435898,0.5452244042603942,0.044519185483195556
255,Seller_256,63,0.5079365079365079,0.46329506911045165,0.04464143882605626
256,Seller_257,45,0.5333333333333333,0.48840232075790907,0.044931012575424256
257,Seller_258,43,0.3953488372093023,0.3492373835926486,0.0461114536166537
258,Seller_259,73,0.4794520547945205,0.43322200656261345,0.04623004823190707
259,Seller_260,33,0.3333333333333333,0.2870789554650042,0.04625437786832909
260,Seller_261,37,0.40540540540540543,0.3589922235120824,0.04641318189332305
261,Seller_262,121,0.7603305785123967,0.7130077464025572,0.04732283210983956
262,Seller_263,31,0.3548387096774194,0.3074633230346852,0.04737538664273416
263,Seller_264,169,0.4556213017751479,0.4074962011325024,0.048125100642645524
264,Seller_265,37,0.5945945945945946,0.5463676868461868,0.04822690774840788
265,Seller_266,63,0.20634920634920634,0.15805164324656712,0.04829756310263922
266,Seller_267,40,0.7,0.651526107683899,0.048473892316101
267,Seller_268,52,0.5769230769230769,0.5282431049321595,0.04867997199091734
268,Seller_269,30,0.5666666666666667,0.5162222423754516,0.050444424291215095
269,Seller_270,35,0.5142857142857142,0.46371932892799533,0.0505663853577189
270,Seller_271,64,0.625,0.574364546046939,0.050635453953061016
271,Seller_272,44,0.5681818181818182,0.5172556649117936,0.05092615327002459
272,Seller_273,96,0.5520833333333334,0.5001782794349909,0.051905053898342435
273,Seller_274,40,0.3,0.24807743240047414,0.05192256759952585
274,Seller_275,219,0.771689497716895,0.7196366734668498,0.052052824250045204
275,Seller_276,44,0.5454545454545454,0.4932319270463608,0.052222618408184596
276,Seller_277,32,0.53125,0.4788276224187923,0.05242237758120771
277,Seller_278,31,0.6129032258064516,0.5588518596969271,0.054051366109524546
278,Seller_279,46,0.45652173913043476,0.4020471760155502,0.05447456311488458
279,Seller_280,38,0.5,0.44529043100127746,0.054709568998722535
280,Seller_281,126,0.48412698412698413,0.4291286436855535,0.05499834044143065
281,Seller_282,54,0.5555555555555556,0.5004468370436301,0.05510871851192545
282,Seller_283,37,0.43243243243243246,0.377253223473176,0.05517920895925643
283,Seller_284,61,0.5081967213114754,0.45265715075621976,0.05553957055525566
284,Seller_285,55,0.5272727272727272,0.471707042919623,0.05556568435310422
285,Seller_286,51,0.21568627450980393,0.16007125115568951,0.05561502335411442
286,Seller_287,422,0.7867298578199052,0.7311081474565023,0.05562171036340291
287,Seller_288,37,0.7027027027027027,0.646917637176129,0.055785065526573696
288,Seller_289,47,0.5319148936170213,0.4757698663641215,0.05614502725289977
289,Seller_290,59,0.4067796610169492,0.3503394606907238,0.056440200326225376
290,Seller_291,188,0.4148936170212766,0.35789871681583235,0.05699490020544423
291,Seller_292,49,0.5102040816326531,0.45282311528771513,0.057380966344937945
292,Seller_293,134,0.7089552238805971,0.6505145514205127,0.05844067246008433
293,Seller_294,35,0.4857142857142857,0.4266818997823736,0.059032385931912124
294,Seller_295,83,0.3493975903614458,0.29021859118115145,0.059178999180294345
295,Seller_296,45,0.5555555555555556,0.49637022604165926,0.05918532951389632
296,Seller_297,69,0.5507246376811594,0.49147265831102827,0.05925197937013116
297,Seller_298,73,0.5616438356164384,0.5018558861997552,0.059787949416683195
298,Seller_299,54,0.5555555555555556,0.4954151913180298,0.06014036423752578
299,Seller_300,60,0.45,0.38805718835979125,0.06194281164020876
300,Seller_301,65,0.47692307692307695,0.41349921226498587,0.06342386465809108
301,Seller_302,80,0.4,0.3365635323893057,0.06343646761069432
302,Seller_303,160,0.95625,0.8912629118181575,0.06498708818184251
303,Seller_304,35,0.5428571428571428,0.4774195945485713,0.06543754830857151
304,Seller_305,42,0.6904761904761905,0.6247871411084226,0.06568904936776787
305,Seller_306,106,0.8113207547169812,0.7451998757106494,0.06612087900633179
306,Seller_307,49,0.4489795918367347,0.38248355251495736,0.06649603932177733
307,Seller_308,75,0.6666666666666666,0.600058958719421,0.06660770794724558
308,Seller_309,48,0.3333333333333333,0.26549104366574383,0.06784228966758948
309,Seller_310,54,0.48148148148148145,0.41355145601613696,0.06793002546534449
310,Seller_311,49,0.5510204081632653,0.48258618917900553,0.06843421898425972
311,Seller_312,40,0.575,0.5059966471626375,0.06900335283736247
312,Seller_313,100,0.6,0.5297523994808582,0.0702476005191418
313,Seller_314,137,0.7664233576642335,0.6958708726049906,0.07055248505924294
314,Seller_315,64,0.640625,0.5695690331211674,0.07105596687883264
315,Seller_316,55,0.5636363636363636,0.4924201911217582,0.07121617251460538
316,Seller_317,343,0.6122448979591837,0.5392017386048291,0.07304315935435457
317,Seller_318,36,0.7222222222222222,0.6487631133188347,0.07345910890338747
318,Seller_319,44,0.1590909090909091,0.08426569948617411,0.07482520960473497
319,Seller_320,128,0.5078125,0.4329006411042683,0.07491185889573171
320,Seller_321,33,0.42424242424242425,0.34869827189053826,0.075544152351886
321,Seller_322,54,0.9814814814814815,0.9058595048577142,0.07562197662376735
322,Seller_323,52,0.5769230769230769,0.5009190985404679,0.07600397838260897
323,Seller_324,58,0.7758620689655172,0.6996725087973883,0.07618956016812894
324,Seller_325,141,0.7304964539007093,0.6542087327942866,0.07628772110642268
325,Seller_326,64,0.5625,0.4861867396139875,0.0763132603860125
326,Seller_327,75,0.68,0.6036748687402876,0.07632513125971241
327,Seller_328,41,0.43902439024390244,0.3612513009091032,0.07777308933479926
328,Seller_329,50,0.2,0.1220969056806838,0.0779030943193162
329,Seller_330,175,0.6514285714285715,0.5732923879724255,0.07813618345614592
330,Seller_331,68,0.45588235294117646,0.3773551889780663,0.07852716396311016
331,Seller_332,37,0.5405405405405406,0.46198377718388406,0.07855676335665651
332,Seller_333,67,0.4626865671641791,0.38386617744710133,0.07882038971707778
333,Seller_334,50,0.44,0.36103126813031955,0.07896873186968045
334,Seller_335,53,0.4716981132075472,0.39212170682370456,0.07957640638384261
335,Seller_336,45,0.37777777777777777,0.2980560924414276,0.07972168533635016
336,Seller_337,133,0.706766917293233,0.6266684124837691,0.0800985048094639
337,Seller_338,102,0.7254901960784313,0.6446664220908167,0.08082377398761464
338,Seller_339,49,0.5918367346938775,0.5093083338641701,0.08252840082970747
339,Seller_340,50,0.7,0.6169742399558487,0.0830257600441513
340,Seller_341,359,0.8328690807799443,0.7498288697509639,0.0830402110289804
341,Seller_342,37,0.21621621621621623,0.13313805777517998,0.08307815844103625
342,Seller_343,58,0.5344827586206896,0.4507058232979109,0.08377693532277869
343,Seller_344,54,0.3888888888888889,0.30495749555328144,0.08393139333560745
344,Seller_345,54,0.5555555555555556,0.4710882298350781,0.08446732572047749
345,Seller_346,38,0.6578947368421053,0.5731533625135069,0.0847413743285984
346,Seller_347,150,0.7666666666666667,0.681690926885599,0.08497573978106776
347,Seller_348,32,0.4375,0.3522468435024607,0.08525315649753928
348,Seller_349,31,0.7741935483870968,0.6884295632945231,0.08576398509257366
349,Seller_350,36,0.75,0.6640161106472768,0.08598388935272316
350,Seller_351,213,0.460093896713615,0.3737442884471943,0.08634960826642069
351,Seller_352,274,0.2956204379562044,0.208922579697583,0.08669785825862142
352,Seller_353,48,0.75,0.6623442794505491,0.08765572054945092
353,Seller_354,32,0.5625,0.4738155048227379,0.08868449517726212
354,Seller_355,209,0.9138755980861244,0.8243928187996074,0.08948277928651704
355,Seller_356,255,0.8666666666666667,0.7771540865617075,0.08951258010495922
356,Seller_357,40,0.675,0.584808967120978,0.09019103287902208
357,Seller_358,97,0.7628865979381443,0.6726722286019898,0.09021436933615445
358,Seller_359,52,0.5769230769230769,0.4853868475662486,0.09153622935682826
359,Seller_360,72,0.625,0.5333796230671479,0.09162037693285208
360,Seller_361,150,0.96,0.865614441255724,0.09438555874427601
361,Seller_362,178,0.9719101123595506,0.8773345536465824,0.09457555871296819
362,Seller_363,109,0.7339449541284404,0.6387302838611243,0.09521467026731611
363,Seller_364,62,0.5645161290322581,0.46826989658238394,0.09624623244987418
364,Seller_365,50,0.58,0.4836606835452454,0.09633931645475458
365,Seller_366,45,0.7333333333333333,0.6354394897678898,0.0978938435654435
366,Seller_367,36,0.9722222222222222,0.8737340794013425,0.0984881428208797
367,Seller_368,31,0.7096774193548387,0.6105057669724516,0.09917165238238712
368,Seller_369,74,0.6891891891891891,0.589965205650878,0.09922398353831119
369,Seller_370,208,0.30288461538461536,0.20362496486938572,0.09925965051522964
370,Seller_371,88,0.625,0.5252547818743883,0.09974521812561166
371,Seller_372,194,0.9278350515463918,0.827435274867525,0.10039977667886679
372,Seller_373,225,0.96,0.8595367255503398,0.10046327444966019
373,Seller_374,45,0.5555555555555556,0.45502452030557694,0.10053103524997864
374,Seller_375,35,0.7428571428571429,0.640892248888975,0.10196489396816788
375,Seller_376,35,0.7428571428571429,0.640832062270265,0.10202508058687787
376,Seller_377,85,0.4470588235294118,0.344743505477279,0.10231531805213279
377,Seller_378,43,0.627906976744186,0.5253958842771984,0.10251109246698764
378,Seller_379,39,0.7948717948717948,0.692025781458314,0.10284601341348087
379,Seller_380,45,0.4222222222222222,0.3190227108372856,0.1031995113849366
380,Seller_381,48,0.6875,0.5836199618910599,0.10388003810894009
381,Seller_382,360,0.9777777777777777,0.8731962765030392,0.10458150127473853
382,Seller_383,239,0.9539748953974896,0.8493247349044947,0.10465016049299491
383,Seller_384,166,0.536144578313253,0.4311548614044125,0.10498971690884051
384,Seller_385,51,0.7647058823529411,0.6593123037486359,0.1053935786043052
385,Seller_386,169,0.40236686390532544,0.296957898801569,0.10540896510375647
386,Seller_387,295,0.7898305084745763,0.6843360507635072,0.10549445771106902
387,Seller_388,93,0.6021505376344086,0.4964911555314324,0.10565938210297621
388,Seller_389,48,0.5208333333333334,0.4143630489730091,0.1064702843603243
389,Seller_390,260,0.8961538461538462,0.789082172791644,0.10707167336220214
390,Seller_391,52,0.5769230769230769,0.4694873221776533,0.10743575474542355
391,Seller_392,57,0.42105263157894735,0.312788380379397,0.10826425119955035
392,Seller_393,39,0.6666666666666666,0.5579514037867089,0.1087152628799577
393,Seller_394,61,0.7377049180327869,0.6283872704316319,0.10931764760115503
394,Seller_395,199,0.592964824120603,0.4835791894910154,0.10938563462958761
395,Seller_396,231,0.935064935064935,0.8253934374759121,0.10967149758902295
396,Seller_397,35,0.6285714285714286,0.5184545310771755,0.11011689749425302
397,Seller_398,166,0.9397590361445783,0.8293285989257239,0.11043043721885448
398,Seller_399,31,0.5483870967741935,0.43780273386944246,0.11058436290475104
399,Seller_400,67,0.6567164179104478,0.5460591960225014,0.11065722188794636
400,Seller_401,31,0.4838709677419355,0.3729706439213084,0.11090032382062709
401,Seller_402,37,0.6756756756756757,0.5644946123850272,0.11118106329064847
402,Seller_403,65,0.4307692307692308,0.3188259664142955,0.11194326435493529
403,Seller_404,298,0.9697986577181208,0.8571388795488909,0.1126597781692299
404,Seller_405,37,0.7837837837837838,0.6707581467561662,0.11302563702761759
405,Seller_406,55,0.6181818181818182,0.5046175826435462,0.113564235538272
406,Seller_407,47,0.44680851063829785,0.3331606997939469,0.11364781084435094
407,Seller_408,210,0.861904761904762,0.7455240550469014,0.1163807068578605
408,Seller_409,35,0.8,0.6835845334991706,0.11641546650082946
409,Seller_410,43,0.627906976744186,0.5113661351856175,0.11654084155856859
410,Seller_411,31,0.6774193548387096,0.5606339593040298,0.11678539553467981
411,Seller_412,64,0.75,0.6324169506685235,0.11758304933147645
412,Seller_413,34,0.29411764705882354,0.17558250775101025,0.11853513930781329
413,Seller_414,78,0.6025641025641025,0.48398998520753805,0.11857411735656448
414,Seller_415,122,0.9180327868852459,0.799288812229654,0.11874397465559194
415,Seller_416,207,0.9903381642512077,0.8709470974172429,0.11939106683396483
416,Seller_417,82,0.47560975609756095,0.3561583273814193,0.11945142871614167
417,Seller_418,40,0.575,0.45522750028829095,0.119772499711709
418,Seller_419,331,0.9154078549848943,0.7954683422447274,0.1199395127401669
419,Seller_420,624,0.9663461538461539,0.8445732461918953,0.12177290765425852
420,Seller_421,44,0.4318181818181818,0.3097141007347828,0.12210408108339904
421,Seller_422,42,0.5476190476190477,0.4254369854351359,0.12218206218391175
422,Seller_423,95,0.968421052631579,0.8444399898977427,0.12398106273383624
423,Seller_424,48,0.4791666666666667,0.3548169073018114,0.12434975936485526
424,Seller_425,49,0.7142857142857143,0.5894171971312151,0.1248685171544992
425,Seller_426,40,0.65,0.5248398802208809,0.12516011977911912
426,Seller_427,46,0.5434782608695652,0.41807092174498595,0.12540733912457924
427,Seller_428,81,0.9135802469135802,0.7876109487987473,0.12596929811483293
428,Seller_429,336,0.9672619047619048,0.8405626222272974,0.12669928253460738
429,Seller_430,34,0.7647058823529411,0.6377984422905163,0.12690744006242483
430,Seller_431,369,0.32791327913279134,0.20071340598193704,0.1271998731508543
431,Seller_432,85,0.7058823529411765,0.5782782661703502,0.12760408677082635
432,Seller_433,38,0.6578947368421053,0.5302074060442077,0.12768733079789762
433,Seller_434,61,0.7377049180327869,0.6090810299341253,0.12862388809866165
434,Seller_435,183,0.5683060109289617,0.43948157751967093,0.12882443340929078
435,Seller_436,51,0.7450980392156863,0.6162299862543069,0.12886805296137938
436,Seller_437,136,0.8529411764705882,0.7240495821423044,0.1288915943282838
437,Seller_438,86,0.8372093023255814,0.7078083241068227,0.12940097821875873
438,Seller_439,35,0.7714285714285715,0.6419470145211618,0.1294815569074097
439,Seller_440,98,0.4387755102040816,0.30914430170425466,0.12963120849982696
440,Seller_441,69,0.6231884057971014,0.4926160216324579,0.13057238416464356
441,Seller_442,39,0.48717948717948717,0.3556012964422681,0.13157819073721905
442,Seller_443,46,0.7391304347826086,0.6072223449814361,0.13190808980117252
443,Seller_444,38,0.4473684210526316,0.314296987365377,0.1330714336872546
444,Seller_445,49,0.6326530612244898,0.49935324951018906,0.13329981171430078
445,Seller_446,100,0.66,0.5265442154378449,0.13345578456215512
446,Seller_447,50,0.52,0.38590695334227704,0.13409304665772298
447,Seller_448,101,0.8712871287128713,0.7366917300025355,0.13459539871033577
448,Seller_449,81,0.5679012345679012,0.4329937678269116,0.13490746674098958
449,Seller_450,91,0.6263736263736264,0.49037153509581705,0.13600209127780932
450,Seller_451,45,0.6444444444444445,0.5083287256212258,0.1361157188232187
451,Seller_452,74,0.9459459459459459,0.8089747043406106,0.13697124160533536
452,Seller_453,121,0.9173553719008265,0.7781950887619052,0.13916028313892126
453,Seller_454,120,0.9666666666666667,0.8274871083276658,0.13917955833900086
454,Seller_455,32,0.90625,0.7669980505241099,0.13925194947589015
455,Seller_456,91,0.5604395604395604,0.42117429803860695,0.1392652624009535
456,Seller_457,36,0.3888888888888889,0.24903562595427076,0.13985326293461814
457,Seller_458,84,0.6785714285714286,0.5384541063090352,0.14011732226239337
458,Seller_459,37,0.6756756756756757,0.5351490309759146,0.14052664469976106
459,Seller_460,88,0.9886363636363636,0.8480174122491395,0.14061895138722413
460,Seller_461,35,0.5714285714285714,0.43052803332037753,0.14090053810819386
461,Seller_462,255,0.9372549019607843,0.7961341597994029,0.14112074216138137
462,Seller_463,48,0.6458333333333334,0.5044769780792496,0.14135635525408374
463,Seller_464,30,0.7666666666666667,0.6251526683476736,0.14151399831899314
464,Seller_465,95,0.7263157894736842,0.5845562208870827,0.14175956858660155
465,Seller_466,81,0.7901234567901234,0.6465068508254338,0.14361660596468961
466,Seller_467,40,0.425,0.2812732125459015,0.1437267874540985
467,Seller_468,39,0.6666666666666666,0.5229070779106124,0.1437595887560542
468,Seller_469,76,0.4605263157894737,0.3162265780020026,0.14429973778747107
469,Seller_470,34,0.5294117647058824,0.38383088388618847,0.1455808808196939
470,Seller_471,52,0.6730769230769231,0.5273382331113262,0.1457386899655969
471,Seller_472,75,0.5733333333333334,0.42659074161748844,0.14674259171584492
472,Seller_473,37,0.7837837837837838,0.6367333572439089,0.14705042653987488
473,Seller_474,49,1.0,0.8510530435365689,0.14894695646343115
474,Seller_475,46,0.6739130434782609,0.5241137087784574,0.14979933469980344
475,Seller_476,55,0.5454545454545454,0.39394872941787507,0.15150581603667035
476,Seller_477,318,0.8270440251572327,0.6738229095019166,0.15322111565531615
477,Seller_478,64,0.625,0.47136041591577704,0.15363958408422296
478,Seller_479,175,0.8171428571428572,0.6627045532295399,0.15443830391331725
479,Seller_480,134,0.9253731343283582,0.7701585443219178,0.15521459000644044
480,Seller_481,46,0.9565217391304348,0.799849206854673,0.15667253227576183
481,Seller_482,57,0.7192982456140351,0.5615554375952033,0.15774280801883178
482,Seller_483,33,0.696969696969697,0.5390440850009062,0.15792561196879085
483,Seller_484,54,0.4444444444444444,0.28528749239678414,0.15915695204766028
484,Seller_485,108,0.5370370370370371,0.3757258696032531,0.161311167433784
485,Seller_486,62,0.6612903225806451,0.4999589847078723,0.16133133787277282
486,Seller_487,116,0.7068965517241379,0.5454840861029758,0.16141246562116207
487,Seller_488,250,0.872,0.7104611243213983,0.1615388756786017
488,Seller_489,31,0.7741935483870968,0.6109968177203003,0.1631967306667964
489,Seller_490,99,0.6262626262626263,0.4629272650941584,0.16333536116846792
490,Seller_491,33,0.7878787878787878,0.6234926189391613,0.16438616893962654
491,Seller_492,48,0.7708333333333334,0.6058552337594286,0.16497809957390475
492,Seller_493,34,0.7352941176470589,0.5698110655200662,0.16548305212699266
493,Seller_494,42,0.6904761904761905,0.5248349411673511,0.1656412493088394
494,Seller_495,56,0.5892857142857143,0.42340352073167536,0.16588219355403894
495,Seller_496,48,0.7291666666666666,0.562540187646346,0.16662647902032068
496,Seller_497,38,0.8421052631578947,0.6751112941131187,0.16699396904477604
497,Seller_498,51,0.803921568627451,0.6368924780747525,0.16702909055269854
498,Seller_499,58,0.6896551724137931,0.5222399930390804,0.16741517937471273
499,Seller_500,63,0.8095238095238095,0.6415890216519788,0.1679347878718307
500,Seller_501,35,0.6285714285714286,0.46031992067605804,0.16825150789537052
501,Seller_502,56,0.6428571428571429,0.47367314476772565,0.16918399808941725
502,Seller_503,43,0.6744186046511628,0.5025142835144722,0.17190432113669052
503,Seller_504,74,0.972972972972973,0.8001124471409757,0.1728605258319973
504,Seller_505,37,0.3783783783783784,0.20489975718926604,0.17347862118911236
505,Seller_506,102,0.6274509803921569,0.45295201559465614,0.1744989647975007
506,Seller_507,51,0.6470588235294118,0.4724003187973352,0.1746585047320766
507,Seller_508,48,0.5416666666666666,0.36686346775938844,0.1748031989072782
508,Seller_509,66,0.5454545454545454,0.3679457632560181,0.17750878219852734
509,Seller_510,57,0.631578947368421,0.4539336166597672,0.1776453307086538
510,Seller_511,30,0.4666666666666667,0.28892038878426124,0.17774627788240543
511,Seller_512,40,0.575,0.3971601146500305,0.17783988534996947
512,Seller_513,65,0.46153846153846156,0.2834897364173407,0.17804872512112085
513,Seller_514,36,0.5833333333333334,0.4034791075716149,0.17985422576171844
514,Seller_515,65,0.9846153846153847,0.8042736646390708,0.18034171997631387
515,Seller_516,70,0.6285714285714286,0.44743544838309285,0.1811359801883357
516,Seller_517,40,0.9,0.7185504891016978,0.1814495108983022
517,Seller_518,71,0.8309859154929577,0.6472718649564075,0.1837140505365502
518,Seller_519,64,0.4375,0.25196109269958167,0.18553890730041833
519,Seller_520,47,0.7446808510638298,0.5591163269058141,0.1855645241580156
520,Seller_521,40,0.475,0.2893470780693367,0.1856529219306633
521,Seller_522,36,0.7222222222222222,0.5361793291463068,0.18604289307591537
522,Seller_523,36,0.5555555555555556,0.36882438435754655,0.18673117119800903
523,Seller_524,39,0.7692307692307693,0.5819796854827782,0.18725108374799104
524,Seller_525,69,0.7971014492753623,0.6098005214658991,0.18730092780946317
525,Seller_526,41,0.5609756097560976,0.3735574519516467,0.18741815780445092
526,Seller_527,50,0.56,0.37049827437873567,0.18950172562126438
527,Seller_528,54,0.7222222222222222,0.5324286260717528,0.18979359615046942
528,Seller_529,49,0.8163265306122449,0.625164511697502,0.19116201891474294
529,Seller_530,48,0.625,0.4334806697644617,0.1915193302355383
530,Seller_531,56,0.7321428571428571,0.5399291037684011,0.192213753374456
531,Seller_532,33,0.6060606060606061,0.41268737373458625,0.19337323232601983
532,Seller_533,44,0.5454545454545454,0.35165433416027764,0.19380021129426778
533,Seller_534,54,0.7407407407407407,0.546883530643036,0.19385721009770474
534,Seller_535,39,0.7948717948717948,0.6005352949142579,0.19433649995753688
535,Seller_536,1077,0.9730733519034355,0.7785230690246701,0.1945502828787654
536,Seller_537,60,0.7,0.5051726844824722,0.19482731551752774
537,Seller_538,58,0.603448275862069,0.4085202246892502,0.19492805117281875
538,Seller_539,62,0.6774193548387096,0.48202479959999445,0.19539455523871518
539,Seller_540,1108,0.9575812274368231,0.7616801469601351,0.19590108047668797
540,Seller_541,50,0.48,0.2831374025541409,0.1968625974458591
541,Seller_542,51,0.6666666666666666,0.46883473787777397,0.19783192878889266
542,Seller_543,72,0.7083333333333334,0.5103464017352923,0.19798693159804104
543,Seller_544,46,0.6521739130434783,0.4529521228756867,0.19922179016779157
544,Seller_545,158,0.5886075949367089,0.38852131779585247,0.20008627714085642
545,Seller_546,41,0.6829268292682927,0.4816897191021957,0.20123711016609702
546,Seller_547,52,0.7307692307692307,0.5295028901045461,0.20126634066468463
547,Seller_548,54,0.8148148148148148,0.6120436456107391,0.20277116920407567
548,Seller_549,68,0.29411764705882354,0.09112193479227151,0.20299571226655203
549,Seller_550,45,0.6666666666666666,0.4624147882657206,0.20425187840094605
550,Seller_551,51,0.803921568627451,0.5991075486243386,0.20481402000311244
551,Seller_552,51,0.7450980392156863,0.5354580299406411,0.20964000927504522
552,Seller_553,88,0.625,0.41470564947724853,0.21029435052275147
553,Seller_554,39,0.8205128205128205,0.6069811636515079,0.2135316568613126
554,Seller_555,131,0.6564885496183206,0.4414732020784399,0.21501534753988072
555,Seller_556,55,0.6727272727272727,0.4576247030609027,0.21510256966637004
556,Seller_557,80,0.9375,0.7208691677806632,0.21663083221933677
557,Seller_558,48,0.6458333333333334,0.4273795026769362,0.21845383065639717
558,Seller_559,52,0.75,0.5310949122910348,0.21890508770896522
559,Seller_560,35,0.7428571428571429,0.5230262064699472,0.21983093638719564
560,Seller_561,1295,0.962934362934363,0.740065228107269,0.22286913482709392
561,Seller_562,70,0.6571428571428571,0.433556891977511,0.22358596516534612
562,Seller_563,52,0.5961538461538461,0.3715157082973277,0.22463813785651843
563,Seller_564,40,0.7,0.4742610852567359,0.22573891474326407
564,Seller_565,53,0.6792452830188679,0.4516416850034946,0.22760359801537328
565,Seller_566,227,0.7136563876651982,0.4859280497188188,0.22772833794637942
566,Seller_567,46,0.7608695652173914,0.5329387483726648,0.2279308168447266
567,Seller_568,197,0.6649746192893401,0.43643074090347656,0.22854387838586354
568,Seller_569,54,0.6666666666666666,0.4379508996183438,0.2287157670483228
569,Seller_570,34,0.5882352941176471,0.3578205759469223,0.23041471817072479
570,Seller_571,117,0.6410256410256411,0.40598446207505495,0.23504117895058613
571,Seller_572,32,0.9375,0.7017979269787563,0.23570207302124369
572,Seller_573,86,0.6395348837209303,0.4036134416201236,0.23592144210080668
573,Seller_574,85,0.7764705882352941,0.5393853395945059,0.23708524864078828
574,Seller_575,244,0.8565573770491803,0.6194594928563195,0.23709788419286082
575,Seller_576,129,0.6511627906976745,0.41368182217076743,0.23748096852690703
576,Seller_577,61,0.8524590163934426,0.6142203378433491,0.2382386785500935
577,Seller_578,54,0.7407407407407407,0.501916182346451,0.23882455839428973
578,Seller_579,64,0.640625,0.3975840522320321,0.24304094776796792
579,Seller_580,87,0.6436781609195402,0.40002000015148675,0.24365816076805347
580,Seller_581,32,0.84375,0.5999103206312653,0.24383967936873474
581,Seller_582,60,0.6833333333333333,0.4383630967116051,0.24497023662172823
582,Seller_583,38,0.7368421052631579,0.4907669408374226,0.24607516442573524
583,Seller_584,68,0.5882352941176471,0.3416874772696454,0.2465478168480017
584,Seller_585,239,0.4476987447698745,0.1999539504873802,0.24774479428249427
585,Seller_586,56,0.8392857142857143,0.5908975331682876,0.24838818111742667
586,Seller_587,67,0.7611940298507462,0.512322392326977,0.24887163752376928
587,Seller_588,61,0.7868852459016393,0.5363331915995715,0.25055205430206784
588,Seller_589,31,0.4838709677419355,0.23157909946948715,0.2522918682724483
589,Seller_590,59,0.7796610169491526,0.5273622475526282,0.2522987693965244
590,Seller_591,78,0.5512820512820513,0.2979230135831457,0.2533590376989056
591,Seller_592,73,0.6986301369863014,0.4444535352330852,0.2541766017532162
592,Seller_593,49,0.7346938775510204,0.4786375816674504,0.25605629588357004
593,Seller_594,63,0.5555555555555556,0.29879868138818244,0.25675687416737314
594,Seller_595,103,0.7961165048543689,0.5372414242756423,0.25887508057872666
595,Seller_596,56,0.7321428571428571,0.47232518161729503,0.25981767552556206
596,Seller_597,77,0.6883116883116883,0.42501852934089657,0.26329315897079175
597,Seller_598,76,0.7894736842105263,0.5232265020596494,0.26624718215087695
598,Seller_599,31,0.7096774193548387,0.4402175675368143,0.26945985181802445
599,Seller_600,162,0.7469135802469136,0.4760136973541996,0.27089988289271394
600,Seller_601,91,0.7032967032967034,0.4319869982735047,0.2713097050231987
601,Seller_602,67,0.7910447761194029,0.516865854237233,0.27417892188216997
602,Seller_603,48,0.5,0.2250188708030814,0.27498112919691864
603,Seller_604,85,0.5882352941176471,0.31313106061769697,0.2751042334999501
604,Seller_605,39,0.7948717948717948,0.5186625483481594,0.27620924652363543
605,Seller_606,47,0.7659574468085106,0.4892167112849372,0.2767407355235734
606,Seller_607,49,0.6530612244897959,0.37205603899187784,0.28100518549791803
607,Seller_608,32,0.75,0.46397909391345266,0.28602090608654734
608,Seller_609,150,0.6866666666666666,0.39996618045241333,0.2867004862142533
609,Seller_610,54,0.6481481481481481,0.36088218233955716,0.287265965808591
610,Seller_611,212,0.9716981132075472,0.6840827688671867,0.2876153443403605
611,Seller_612,55,0.7090909090909091,0.4208272869806222,0.2882636221102869
612,Seller_613,147,0.7074829931972789,0.41688245997809764,0.2906005332191813
613,Seller_614,33,1.0,0.7090141511242323,0.2909858488757677
614,Seller_615,44,0.75,0.4576395450713626,0.2923604549286374
615,Seller_616,72,0.7638888888888888,0.47152586665091295,0.2923630222379759
616,Seller_617,43,0.7441860465116279,0.4494136605292166,0.2947723859824113
617,Seller_618,36,0.75,0.45144129807715117,0.29855870192284883
618,Seller_619,57,0.6491228070175439,0.34967537503846197,0.2994474319790819
619,Seller_620,33,0.6666666666666666,0.36266431139144734,0.3040023552752193
620,Seller_621,70,0.9142857142857143,0.6077327257365974,0.30655298854911683
621,Seller_622,81,0.7407407407407407,0.4326334941571579,0.3081072465835828
622,Seller_623,62,0.8064516129032258,0.49828789640922494,0.3081637164940008
623,Seller_624,40,0.825,0.5165565773545369,0.3084434226454631
624,Seller_625,46,0.9130434782608695,0.5999625066006429,0.31308097166022664
625,Seller_626,34,0.7941176470588235,0.4756536274217211,0.31846401963710236
626,Seller_627,141,0.7588652482269503,0.43776403406147035,0.32110121416548
627,Seller_628,62,0.7903225806451613,0.4679564941079614,0.32236608653719984
628,Seller_629,59,0.6779661016949152,0.35171873543514753,0.3262473662597677
629,Seller_630,53,0.7735849056603774,0.4466797303831984,0.326905175277179
630,Seller_631,46,0.8695652173913043,0.5399467003678712,0.32961851702343314
631,Seller_632,41,0.6585365853658537,0.3097299082029163,0.3488066771629374
632,Seller_633,46,0.782608695652174,0.43007810195896273,0.3525305936932112
633,Seller_634,64,0.734375,0.3797474767807872,0.3546275232192128
634,Seller_635,33,0.7575757575757576,0.40293166918499596,0.3546440883907616
635,Seller_636,47,0.851063829787234,0.49329953054050224,0.3577642992467318
636,Seller_637,126,0.8571428571428571,0.48307415203318155,0.37406870510967555
637,Seller_638,64,0.828125,0.4535101886223908,0.3746148113776092
638,Seller_639,211,0.9478672985781991,0.5720752248809846,0.37579207369721446
639,Seller_640,102,0.7843137254901961,0.4055806348385699,0.3787330906516262
640,Seller_641,34,0.7941176470588235,0.4149561878090217,0.37916145924980177
641,Seller_642,49,0.7755102040816326,0.3949951001630152,0.3805151039186174
642,Seller_643,42,0.7380952380952381,0.35757803327167487,0.38051720482356327
643,Seller_644,92,0.6956521739130435,0.30744731319311297,0.3882048607199305
644,Seller_645,91,0.7142857142857143,0.3230323366033843,0.39125337768233
645,Seller_646,66,0.8484848484848485,0.4463363052641277,0.4021485432207208
646,Seller_647,155,0.7290322580645161,0.3180739255338912,0.4109583325306249
647,Seller_648,34,0.8235294117647058,0.3832202028387528,0.44030920892595304
648,Seller_649,46,0.7391304347826086,0.29373968654656885,0.4453907482360398
649,Seller_650,64,0.921875,0.46640336471322746,0.45547163528677254
650,Seller_651,51,0.8627450980392157,0.3848156075241372,0.47792949051507855
651,Seller_652,69,0.8985507246376812,0.3902015783933491,0.508349146244332
652,Seller_653,87,0.9080459770114943,0.39224185121344035,0.5158041257980539
653,Seller_654,52,0.9423076923076923,0.41308266334257987,0.5292250289651124
654,Seller_655,38,0.9473684210526315,0.4137550399936897,0.5336133810589418
